{"cameraMode":{"drawMode":0,"name":"Shaded","section":"Shading Mode"},"sceneLighting":false,"audioPlay":false,"sceneViewState":{"showFog":true,"showMaterialUpdate":true,"showSkybox":false,"showFlares":true,"showImageEffects":true,"showParticleSystems":true},"in2DMode":false,"pivot":{"x":0.023671090602874757,"y":0.237212672829628,"z":0.016240492463111879},"rotation":{"x":-0.18772053718566895,"y":0.3374429941177368,"z":-0.06886330991983414,"w":-0.9198653101921082},"size":0.41808295249938967,"orthographic":false}