{"cameraMode":{"drawMode":0,"name":"Shaded","section":"Shading Mode"},"sceneLighting":true,"audioPlay":false,"sceneViewState":{"showFog":true,"showMaterialUpdate":true,"showSkybox":true,"showFlares":true,"showImageEffects":true,"showParticleSystems":true},"in2DMode":false,"pivot":{"x":-7.023977756500244,"y":-12.13874626159668,"z":-17.570083618164064},"rotation":{"x":0.006274249870330095,"y":0.9710001349449158,"z":-0.23761993646621705,"w":0.02563893049955368},"size":23.176359176635743,"orthographic":false}